"idmonster";"name";"wikiVersion";"imageId";"hitpoints";"slayer";"cbLvl";"examine"
88;"Black demon (hard)";"Hard";2422;157;1;292;"A big, scary, jet-black demon."
89;"Black demon";"Level 184";2420;170;1;184;"A big, scary, jet-black demon."
90;"Black demon";"Level 172";2418;157;1;172;"A big, scary, jet-black demon."
91;"Black demon";"Level 178";2421;160;1;178;"A big, scary, jet-black demon."
92;"Black demon";"Level 188";2423;200;1;188;"A big, scary, jet-black demon."
93;"Chicken";"none";2424;3;1;1;"Yep. Definitely a chicken."
94;"Duck";"none";2425;3;1;1;"'''Male''' - Quackers.&lt;br />'''Female''' - She quackers.&lt;br />'''Land''' - Waddle waddle waddle quack."
95;"Duckling";"none";2426;3;1;1;"Mini quackers."
96;"Gnome troop";"none";2427;3;0;1;"It's a tree gnome trooper."
97;"Rat";"Lv 1 (SoS)";2428;2;1;1;"A popular dwarven delicacy."
98;"Rat";"Lv 1";2429;2;1;1;"A popular dwarven delicacy."
99;"Spider";"Stronghold of Security";2431;22;1;24;"Incey wincey, with a nasty bite."
100;"Spider";"Common";2431;2;1;1;"Incey wincey."
101;"Spider";"Underground Pass";2431;2;1;1;"Incey wincey."
102;"Undead chicken";"none";2432;3;1;1;"Yup, definitely a chicken...an undead chicken."
103;"Anja";"none";2433;7;0;2;"A citizen of Rimmington."
104;"Cow";"Hard";2434;0;0;170;""
105;"Cow calf";"none";2435;6;1;2;"Young, but still beefy."
106;"Cow";"Normal";2434;0;0;2;"{{*"
107;"Entrana firebird";"none";2436;5;1;2;"Probably not a chicken."
108;"Goblin";"Lv 25";2437;26;1;25;"These goblins have grown strong."
109;"Giant spider";"Lv 2";2445;5;1;2;"I think this spider has been genetically modified."
110;"Giant spider";"Lv 27";2446;32;1;27;"I think this spider has been genetically modified."
111;"Giant spider";"Lv 50";2449;50;1;50;"I think this spider has been genetically modified."
112;"Hengel";"none";2451;7;0;2;"A citizen of Rimmington."
113;"Imp";"Regular";2452;8;0;2;"A cheeky little imp."
114;"Imp";"GWD";2453;10;0;7;"Have you checked your pockets lately?"
115;"Jeff";"none";2454;7;0;2;"Untrustworthy."
116;"Man";"Grey";2456;7;0;2;"One of Gielinor's many citizens."
117;"Man";"Green";2457;7;0;2;"One of Gielinor's many citizens."
118;"Man";"Black";2458;7;0;2;"One of Gielinor's many citizens."
119;"Man";"Light blue";2459;7;0;2;"One of Gielinor's many citizens."
120;"Man";"Red";2460;7;0;2;"One of Gielinor's many citizens."
121;"Man";"Cavalier";2461;7;0;2;"One of Gielinor's many citizens."
122;"Narf";"none";2462;7;0;2;"Looks unpleasant."
123;"Rabbit";"Lv 2";2463;0;0;2;"{{*"
124;"Man";"Backpack";2464;7;0;2;"One of Gielinor's many citizens."
125;"Man";"Blue";2465;7;0;2;"One of Gielinor's many citizens."
126;"Man";"Pink";2466;7;0;2;"One of Gielinor's many citizens."
127;"Goblin";"Lv 12 (1)";2437;3;1;12;"A soldier to the death."
128;"Goblin";"Lv 2";2437;5;1;2;"An ugly green creature."
129;"Goblin";"Lv 13";2437;16;1;13;"These goblins have grown strong."
130;"Goblin";"Lv 17";2437;18;1;17;"An ancient goblin."
131;"Goblin";"Lv 13 (GWD)";2437;13;1;13;"Footsolider for Bandos."
132;"Goblin";"Lv 16";2437;22;1;16;"An ugly green creature."
133;"Goblin";"Lv 5";2437;5;1;5;"An ugly green creature."
134;"Goblin";"Lv 11";2437;7;1;11;"An ugly green creature."
135;"Goblin";"Lv 15";2437;16;1;15;"Cannon fodder, so to speak."
136;"Goblin";"Lv 12 (2)";2437;15;1;12;"A warrior for Bandos."
137;"Rusty";"none";2468;7;0;2;"Seems to be loitering."
138;"Cave goblin";"Backpack";2469;10;1;3;"A goblin with big bulging eyes."
139;"Seagull";"Lv 3";2470;0;0;3;"{{*"
140;"Cave goblin";"Blue";2471;10;1;3;"A goblin with big bulging eyes."
141;"Gardener";"Lv 4";2472;7;0;4;"An old gardener."
142;"Giant rat";"Lv 3";2473;5;1;3;"Overgrown vermin."
143;"Wormbrain";"none";2474;5;1;2;"A badly-behaved goblin."
144;"Ram";"none";2475;8;0;2;"White and shaggy."
145;"Drunken man";"none";2476;7;0;3;"One of RuneScape's many citizens, currently incapacitated by alcohol."
146;"Woman";"none";2477;7;0;2;"One of Gielinor's many citizens. ''(differs by location)''"
147;"Gardener";"Lv 3";2478;7;0;3;"An old gardener."
148;"Zombie rat";"3";2479;5;1;3;"Overgrown undead vermin."
149;"Zombie rat";"2";2480;5;1;3;"Overgrown undead vermin."
150;"Cave goblin";"Beige";2483;10;1;3;"A goblin with big bulging eyes."
151;"Undead cow";"none";2484;8;1;2;"It's an undead cow."
152;"Cave goblin";"Brown";2485;10;1;3;"A goblin with big bulging eyes."
153;"Zombie rat";"1";2486;5;1;3;"Overgrown undead vermin."
154;"Cuffs";"none";2487;7;0;3;"He looks a bit dodgy."
155;"Hygd";"none";2489;10;0;4;"A citizen of Burthorpe."
156;"Giant rat";"Lv 6";2473;10;1;6;"Overgrown vermin."
158;"Giant rat";"Lv 26";2473;25;1;26;"Overgrown vermin."
159;"Bird";"Level 5";2494;5;1;5;"It's a brightly coloured bird of the jungle. It flies very quickly."
160;"Bird";"Level 11";2495;10;1;11;"It's a brightly coloured bird of the jungle. It flies very quickly."
161;"Frog";"none";2496;8;0;5;"It eats flies."
162;"Desert snake";"none";2497;6;0;5;"A slithering serpent."
163;"Dwarf";"Level 9";2511;0;0;10;"{{*"
164;"Highwayman";"none";2498;13;0;5;"He holds up passers by."
165;"Bat";"none";2499;8;1;6;"An annoying flappy thing."
166;"Monk";"Lv 5";2500;15;0;5;"A holy man."
167;"Monk";"Lv 3";2501;5;0;3;"An Ardougne Monk."
168;"Dark wizard";"Lv 11";2502;24;0;11;"A practicer of dark arts."
169;"Snake";"Level 5";2503;6;0;5;"A slithering serpent."
170;"Dark wizard";"Lv 20";2504;24;0;20;"He works evil magic."
171;"Snake";"Level 35";2505;25;0;35;"Snake! Snaaaaake!"
172;"Mugger";"none";2506;8;0;6;"He jumps out and attacks people."
173;"Farmer";"none";2507;12;0;7;"He grows the crops in this area."
174;"Cave bug";"Level 6";2508;5;7;6;"A nasty crawling critter."
175;"Cave bug";"Level 96";2509;93;7;96;"A big, smelly cave dweller."
176;"Chompy bird";"none";2510;10;1;6;"A large boisterous bird, a delicacy for ogres."
177;"Dwarf";"Level 7";2511;0;0;10;"{{*"
178;"Crawling Hand";"Lv 12 (1)";2512;19;5;12;"Now THAT's handy."
179;"Al-Kharid warrior";"none";2524;19;0;9;"Part of Al Kharid's elite fighting force."
180;"Myre Blamish Snail";"Round";2527;8;0;9;"A marsh coloured blamish snail, these types are said to spit acid."
181;"Barbarian";"Level 15 (Aitan)";2528;24;0;15;"Aitan, a barbarian archer."
182;"Barbarian";"Level 8";2529;14;0;8;"Don't let her arm-wrestle you for money."
183;"Barbarian";"Level 10 (Edelschwarz)";2530;18;0;10;"Edelschwarz, a barbarian warrior with a spear"
184;"Barbarian";"Level 10 (Adelino)";2531;18;0;10;"Adelino, a barbarian warrior with a big axe"
185;"Barbarian";"Level 10 (Lydspor)";2532;18;0;10;"Lydspor, a well-traveled barbarian warrior."
186;"Barbarian";"Level 10 (Wotan)";2533;18;0;10;"Wotan, a sturdy barbarian warrior."
187;"Barbarian";"Level 10 (Hagen)";2534;18;0;10;"Hagen, a guard in the Barbarian Village."
188;"Barbarian";"Level 17 (Brunnhilde)";2535;24;0;17;"Brunnhilde, a fierce barbarian warrior."
189;"Dark warrior";"Lv 145";2536;137;1;145;"A warrior touched by chaos."
190;"Barbarian";"Level 17 (Fasolt)";2537;24;0;17;"Fasolt, a strong barbarian warrior."
191;"Barbarian";"Level 10 (Siegfried)";2538;18;0;10;"Siegfried, a young guard in the Barbarian Village."
192;"Barbarian";"Level 10 (Adolpho)";2539;18;0;10;"Adolpho, a barbarian warrior with a warhammer."
193;"Barbarian";"Level 9 (Sieglinde)";2540;20;0;9;"Sieglinde, a muscular barbarian warrior."
194;"Barbarian";"Level 10 (Gutrune)";2541;18;0;10;"Gutrune, a mighty barbarian warrior."
195;"Myre Blamish Snail";"Pointed";2542;13;0;10;"A marsh coloured blamish snail, these types are said to spit acid."
196;"Barbarian";"Level 10 (Acelin)";2543;18;0;10;"Acelin, a guard in the Barbarian Village."
197;"Barbarian";"Level 10 (Fafner)";2544;18;0;10;"Fafner, a tough barbarian warrior."
198;"Barbarian";"Level 17 (Alberich)";2545;24;0;17;"Alberich, a fierce barbarian warrior."
199;"Barbarian";"Level 17 (Minarch)";2546;24;0;17;"Minarch, a barbarian who likes his beer."
200;"Barbarian";"Level 17 (Siegmund)";2548;24;0;17;"Siegmund, a guard in the Barbarian Village."
201;"Wizard";"none";2549;14;0;9;"Slightly magical."
202;"Guard";"none";2567;16;1;10;"A dwarven guard."
203;"Ochre Blamish Snail";"Pointed";2569;20;0;15;"A muddy coloured blamish snail, these types are said to spit acid."
204;"Ochre Blamish Snail";"Round";2570;10;0;10;"A muddy coloured blamish snail, these types are said to spit acid."
205;"Rowdy slave";"none";2571;16;0;10;"He looks a bit aggressive."
206;"Rabbit";"Lv 1";2463;0;0;1;"{{*"
207;"Seagull";"Lv 2";2470;0;0;2;"{{*"
208;"Dark wizard";"Lv 22";2502;24;0;22;"A practicer of dark arts."
209;"Dark wizard";"Lv 7";2504;12;0;7;"He works evil magic."
210;"Dark wizard";"Lv 23";2502;24;0;23;"A practicer of dark arts."
211;"Dwarf";"Level 20";2511;0;0;10;"{{*"
212;"Dark warrior";"Lv 8";2536;17;1;8;"A warrior touched by chaos."
213;"Dwarf";"Level 11";2511;0;0;10;"{{*"
214;"Crawling Hand";"Lv 12 (2)";2512;19;5;12;"I'm glad its just the hand I can see..."
215;"Crawling Hand";"Lv 8";2512;16;5;8;"Gimmie five. Actually, don't."
216;"Dwarf";"Level 10";2511;0;0;10;"{{*"
220;"Thug";"none";2572;18;0;10;"Low on brains, high on aggression."
221;"Dad";"Normal";2573;120;1;101;"An unusually large troll."
222;"Ent";"none";2575;75;0;86;"He ent such a bad guy."
223;"Greater demon";"Lv 100";2576;0;0;100;""
224;"Greater demon";"Lv 101";2577;0;0;101;""
225;"Greater demon";"Lv 104";2578;0;0;104;""
226;"Greater demon";"Lv 92";2579;0;0;92;"{{*"
227;"Greater demon";"Lv 113";2580;0;0;113;""
228;"Sea troll";"Lv 65";2581;80;0;65;"An aquatic troll."
229;"Tree spirit (hard)";"Hard";2582;187;1;199;"Guardian of the Dramen tree."
230;"Knight of Saradomin";"Lv 103";2583;135;0;103;"A valiant knight."
231;"Knight of Saradomin";"Lv 101";2584;108;0;101;"A valiant knight."
232;"Frogeel";"none";2585;90;0;103;"Is it a frog, or is it an eel?"
233;"Damis (hard)";"First form (hard)";2586;198;0;200;"The warrior of darkness."
234;"Sea troll";"Lv 79";2587;100;0;79;"An aquatic troll."
235;"Damis (hard)";"Second form (hard)";2588;255;0;272;"The warrior of darkness."
236;"Earth Warrior Champion";"none";2589;108;0;102;"Champion of the earth warriors."
237;"Sea troll";"Lv 101";2590;80;0;101;"An aquatic troll."
238;"Sea troll";"Lv 87";2591;80;0;87;"An aquatic troll."
239;"Vyrewatch";"Lv 110";2595;90;1;110;"Stop looking and run for your life!"
240;"Fire giant";"Level 109";2596;150;1;109;"A very large elemental adversary."
241;"Double agent";"Lv 141";2597;160;0;141;"He's playing both sides!"
242;"TzHaar-Mej";"none";2598;100;1;103;"Looks like some kind of mystic."
243;"Ork";"none";2599;110;0;107;"Ugly, fierce, and with a bad attitude."
244;"Elf warrior";"Melee";2600;105;1;108;"I don't wanna be at the wrong end of that pike."
245;"Cyclops";"Level 56";2602;0;0;56;"A one-eyed man eater."
246;"Elf warrior";"Ranged";2603;105;1;90;"He looks pretty handy with that bow."
247;"Kurask";"none";2606;97;70;106;"Large, heavy, with sharp things attached to its head."
248;"Cyclops";"Level 81";2607;0;0;81;"A one-eyed man eater."
249;"Stick";"none";2608;135;1;104;"A big, bad troll."
250;"Jogre Champion";"none";2609;120;0;107;"Champion of the jogres."
251;"Mummy";"Lv 84";2610;0;0;84;""
252;"San Tojalon";"none";2611;120;0;106;"The spirit of a long-dead warrior."
253;"Revenant ork";"none";2612;105;1;105;"The ghost of an ork slain long ago."
254;"Mummy";"Lv 103";2616;0;0;0;""
255;"Saradomin wizard";"none";2617;120;0;108;"Follower of Saradomin."
256;"Obor";"none";2618;120;1;106;"He looks very dangerous."
257;"The Illusive";"none";2623;140;0;108;"What if you don't know how to win?"
258;"Yt-HurKot";"Lv 108";2624;60;1;108;"Mini menace."
259;"Blue dragon";"5";2630;105;1;111;"A mother dragon."
260;"Sir Bedivere";"none";2632;90;0;110;"One of the Knights of the Round Table."
261;"Terror dog";"Lv 100";2633;82;40;100;"A terrifying dog beast."
262;"Blue dragon";"3";2634;105;1;111;"A mother dragon."
263;"Blue dragon";"4";2635;105;1;111;"A mother dragon."
264;"Blue dragon";"1";2636;105;1;111;"A mother dragon."
265;"Swamp Snake";"Lv 80";2637;120;0;80;"A large snake that thrives in swamps."
266;"Swamp Snake";"Lv 139";2638;130;0;139;"A large snake that thrives in swamps."
267;"Gargoyle";"none";2639;105;75;111;"Flies like a rock."
268;"Ancient Zygomite";"none";2640;150;57;109;"Not in the ground anymore! It looks a little wobbly."
269;"Dust devil";"Lv 93";2641;105;65;93;"The vacuumed face of evil."
270;"Experiment No.2";"none";2642;95;0;109;"A very odd looking creature."
271;"Swamp Snake";"Lv 109";2644;125;0;109;"A large snake that thrives in swamps."
272;"Blue dragon";"2";2645;105;1;111;"A mother dragon."
273;"Ice Queen";"none";2647;105;0;111;"A cold hearted lady."
274;"Rock";"none";2648;140;1;111;"The biggest and baddest troll."
275;"Suqah";"none";2649;106;1;111;"A strange creature unique to Lunar Isle."
276;"Tanglefoot (hard)";"Hard";2650;204;0;199;"A walking thorn bush!"
277;"";"none";2651;120;87;112;"We'll fight, until world's end."
278;"";"Demon";2653;107;1;112;"He's a shape-shifter."
279;"General Khazard";"none";2656;170;0;112;"He looks really nasty. Smells bad too."
280;"Sir Pelleas";"none";2659;99;0;112;"One of the Knights of the Round Table."
281;"Animated Adamant Armour";"none";2660;99;0;113;"Animated adamant armour."
282;"Troll general";"Hammer (brown)";2661;140;1;113;"One of the troll generals."
283;"Arrg";"Normal";2662;140;1;113;"A massive scary-looking troll."
284;"Aviansie";"Level 97 (2)";2663;79;1;97;"Graceful, bird-like creature."
285;"Nylocas Matomenos";"none";2664;200;0;115;"Dripping with blood."
286;"Spiritual ranger";"Armadyl";2665;89;63;127;"Armadyl's favourite servant."
287;"Spiritual ranger";"Saradomin";2666;106;63;122;"A ranger spirit dedicated to Saradomin."
288;"Waterfiend";"none";2667;130;1;115;"A fiendish embodiment of water."
289;"Spiritual ranger";"Zamorak";2668;120;63;118;"Defender of Zamorak."
290;"Black Knight Titan (hard)";"Hard";2669;255;0;210;"He looks mean and powerful."
291;"Sir Palomedes";"none";2670;100;0;118;"One of the Knights of the Round Table."
292;"Dharok the Wretched";"none";2671;100;0;115;"A vengeful spirit corrupted by dark magic."
293;"Nechryael";"none";2672;105;80;115;"An evil death demon."
294;"Guthan the Infested";"none";2673;100;1;115;"A vengeful spirit corrupted by dark magic."
295;"Spiritual ranger";"Bandos";2674;131;63;115;"The spirit of a ranger, serving Bandos beyond death."
296;"Troll general";"Hammer (grey)";2675;140;1;113;"One of the troll generals."
297;"Spiritual warrior";"Armadyl";2676;98;68;123;"A servant of Armadyl."
298;"";"Saradomin";2677;85;83;120;"Saradomin's holy mage."
299;"Torag the Corrupted";"none";2678;100;1;115;"A vengeful spirit corrupted by dark magic."
300;"Spiritual warrior";"Zamorak";2679;100;68;115;"Warrior of Zamorak."
301;"Verac the Defiled";"none";2680;100;0;115;"A vengeful spirit corrupted by dark magic."
302;"";"Armadyl";2681;75;83;123;"A mage who serves Armadyl above all else - even death."
303;"Sir Tristram";"none";2683;105;0;115;"One of the Knights of the Round Table."
304;"Sir Lancelot";"none";2684;115;0;127;"One of the Knights of the Round Table."
305;"Spiritual warrior";"Bandos";2685;131;68;134;"A true servant of Bandos."
306;"Spiritual warrior";"Saradomin";2686;110;68;125;"Saradomin's chosen warrior."
307;"Ice troll";"Lv 120";2687;100;1;120;"Brrrrr...he must be cold!"
308;"Abyssal demon";"Standard";2688;150;85;124;"A denizen of the Abyss!"
309;"Troll general";"Sword";2689;140;1;113;"One of the troll generals."
310;"Revenant dark beast";"none";2690;140;1;120;"The ghost of a dark beast slain long ago."
311;"";"Bandos";2691;106;83;121;"One of Bandos's chosen."
312;"Fiyr Shade";"Lv 120";2692;0;0;120;"{{*"
313;"Confused barbarian";"none";2696;124;0;132;"He looks about, blankly."
314;"Mutated Bloodveld";"none";2697;170;50;123;"The twisted tongue of evil."
315;"Hellhound";"Lv 127";2699;116;1;127;"From the maws of hell."
316;"Sir Lucan";"none";2701;105;0;120;"One of the Knights of the Round Table."
317;"";"Zamorak";2702;75;83;121;"A deadly servant of Zamorak."
318;"Ice Troll King";"Normal";2704;150;1;122;"'''Normal:''' An impressive looking troll.&lt;br/> '''Dead:''' Not so impressive anymore!&lt;br/> '''Decapitated:''' Even less impressive!"
319;"Aviansie";"Level 71";2710;63;1;71;"Graceful, bird-like creature."
320;"Sir Kay";"none";2711;110;0;124;"One of the Knights of the Round Table."
321;"Aviansie";"Level 83";2713;86;1;83;"Graceful, bird-like creature."
322;"Rock lobster";"none";2714;0;0;127;"{{*"
323;"Bandosian guard";"none";2715;130;0;125;"A follower of Bandos."
324;"Hellhound";"Lv 136";2716;150;1;136;"Hello, nice doggy..."
325;"Abyssal demon";"Catacombs of Kourend";2717;150;85;124;"A denizen of the Abyss!"
326;"Aviansie";"Level 69";2718;70;1;69;"Graceful, bird-like creature."
327;"Aviansie";"Level 73";2719;67;1;73;"Graceful, bird-like creature."
328;"Bandit";"Level 130";2720;155;1;130;"A wilderness outlaw."
329;"Bronze dragon";"Standard";2721;122;1;131;"Its scales seem to be made of bronze."
330;"Aviansie";"Level 94";2722;75;1;94;"Graceful, bird-like creature."
331;"Aviansie";"Level 89";2723;69;1;89;"Graceful, bird-like creature."
332;"Aviansie";"Level 137";2724;124;1;137;"Graceful, bird-like creature."
333;"Elder Chaos druid";"none";2725;150;1;129;"An elder, more dangerous kind of druid."
334;"Skeleton";"Level 21";2726;24;1;21;"Could do with gaining a few pounds."
335;"Lost barbarian";"none";2727;124;0;132;"His face is expressionless."
336;"Bryophyta";"none";2728;115;1;128;"This is what organic growth looks like!"
337;"Aviansie";"Level 148";2729;139;1;148;"Graceful, bird-like creature."
338;"Aviansie";"Level 92";2730;95;1;92;"Graceful, bird-like creature."
339;"Revenant knight";"none";2731;143;1;126;"The ghost of a knight slain long ago."
340;"";"none";2732;125;87;127;"Kraken' good time!"
341;"Aviansie";"Level 84";2733;86;1;84;"Graceful, bird-like creature."
342;"Aviansie";"Level 131";2735;115;1;131;"Graceful, bird-like creature."
343;"Sir Gawain";"none";2736;110;0;122;"One of the Knights of the Round Table."
344;"Aviansie";"Level 79 (2)";2740;77;1;79;"Graceful, bird-like creature."
345;"Gelatinnoth Mother";"Normal";2741;240;0;130;"Deadly AND fruity!"
346;"Aviansie";"Level 79 (1)";2742;83;1;79;"Graceful, bird-like creature."
347;"Skeleton";"Level 25";2746;17;1;25;"Could do with gaining a few pounds."
348;"Skeleton";"Level 45";2747;59;1;45;"Could do with gaining a few pounds."
349;"Skeleton thug";"none";2751;124;1;132;"Floats like an anvil, hits like a hammer."
350;"Aviansie";"Level 97 (1)";2752;98;1;97;"Graceful, bird-like creature."
351;"Zombie";"Range";2754;54;1;132;"The walking dead."
352;"Ice wolf";"Lv 96";2755;70;1;96;"Not a man's best friend."
353;"Skeleton brute";"none";2756;124;1;132;"An ex-barbarian, willing to make you ex too."
354;"Skeleton";"Level 60";2758;70;1;60;"Could do with gaining a few pounds."
355;"Rogue";"Lv 15";2759;17;1;15;"Rogueish."
356;"Zombie";"Magic";2760;54;1;132;"The walking dead."
357;"Zombie";"Melee";2761;54;1;132;"The walking dead."
358;"Karamel (hard)";"Hard";2762;255;0;186;"Pure evil lightly whipped with a juicy cherry on top."
359;"TzHaar-Xil";"none";2763;120;1;133;"Doesn't look very social."
360;"Rogue";"Lv 135";2764;125;1;135;"A very strong rogue."
361;"Skeleton heavy";"none";2766;124;1;132;"He's less heavy now."
362;"Revenant dragon";"none";2768;155;1;135;"The ghost of a dragon slain long ago."
363;"Animated Rune Armour";"none";2771;120;0;138;"Animated rune armour."
364;"Glod";"Normal";2773;160;0;138;"A cloud giant."
365;"Dessous";"Hard";2775;255;0;217;"Vampyre warrior of Zamorak."
366;"Growler";"none";2777;146;0;139;"Defender of the faithful."
367;"Spitting Wyvern";"none";2778;200;0;139;"Has issues with odontophobia."
368;"Brassican Mage";"none";2779;150;0;140;"Rather old and smells of cabbage."
369;"Maniacal monkey";"none";2780;65;0;140;"It looks like someone has tampered with its mind."
370;"Nail beast";"Lv 141";2781;75;0;141;"A huge nail beast. Its nails are very sharp."
371;"Skeletal Wyvern";"2";2782;210;72;140;"A very dangerous pile of animated Wyvern bones."
372;"Sergeant Grimspike";"none";2783;146;1;142;"A battle-honed goblin."
373;"Skeletal Wyvern";"1";2784;210;72;140;"A very dangerous pile of animated Wyvern bones."
374;"Skeletal Wyvern";"3";2785;210;72;140;"A very dangerous pile of animated Wyvern bones."
375;"Kalphite Guardian";"none";2786;171;1;141;"I don't think insect repellent will work..."
376;"Sergeant Strongstack";"none";2787;128;1;141;"A battle-honed goblin."
377;"Tortured gorilla";"Lv 141";2788;210;1;141;"One of Glough's tortured experiments."
378;"Skeletal Wyvern";"4";2789;210;72;140;"A very dangerous pile of animated Wyvern bones."
379;"Skeleton";"none";2793;110;1;142;"It looks just a bit... underfed."
380;"Gorak";"Lv 145";2794;112;0;145;"Gorak by name, Gorak by nature."
381;"Zakl'n Gritch";"none";2795;150;1;142;"Scourge of Light."
382;"Wingman Skree";"none";2796;121;1;143;"Graceful, bird-like creature."
383;"Gorak";"Lv 149";2797;128;0;149;"Comes with a vicious kick."
384;"Sergeant Steelwill";"none";2798;127;1;142;"A battle-honed goblin."
385;"Bree";"none";2799;162;0;146;"Champion of Truth."
386;"Tstanon Karlak";"none";2800;142;1;145;"Destroyer of 1000 planes!"
387;"TzHaar-Ket";"Lv 221";2801;200;1;221;"One of the stronger guards of Mor Ul Rek."
388;"Taloned Wyvern";"none";2802;200;0;147;"Spikey death with bad breath."
389;"Kruk";"none";2804;210;0;149;"A large ninja monkey wielding two scimitars."
390;"Starlight";"none";2805;160;0;149;"The bane of darkness."
391;"Flockleader Geerin";"none";2806;132;1;149;"Graceful, bird-like creature."
392;"Flambeed";"Normal";2807;210;0;149;"Will give you a beating as well as indigestion."
393;"Lizardman shaman";"Lizardman Temple";2809;150;1;150;"A Lizardman shaman wearing a pernicious olmic headdress."
394;"Lizardman shaman";"Standard";2810;150;1;150;"A mystic from a race created during the darker days of Kourend."
395;"Balfrug Kreeyath";"none";2811;161;1;151;"Despoiler of Ullek."
396;"Red dragon";"1";2812;140;1;152;"A big powerful dragon."
397;"Red dragon";"5";2813;140;1;152;"A big powerful dragon."
398;"Long-tailed Wyvern";"none";2814;200;66;152;"Not a wyvern to get on the wrong end of."
399;"Nylocas Ischyros";"lv 162";2815;11;0;162;"One of Verzik's pets."
400;"";"none";2816;185;93;160;"Stay away from smoke, kids."
401;"Red dragon";"3";2817;140;1;152;"A big powerful dragon."
402;"Red dragon";"4";2818;140;1;152;"A big powerful dragon."
403;"Nylocas Toxobolos";"Lv 162";2819;11;0;162;"One of Verzik's pets."
404;"Red dragon";"2";2820;140;1;152;"A big powerful dragon."
405;"Kamil (hard)";"Hard";2822;255;1;273;"Ice warrior."
406;"Malevolent Mage";"none";2823;175;45;162;"The evil that men do lives on and on."
407;"Robert the Strong";"none";2824;280;0;194;"A battle hardened hero."
408;"Hydra";"none";2826;300;95;194;"A ferocious Hydra!"
409;"Nylocas Hagios";"Lv 162";2827;11;0;162;"One of Verzik's pets."
410;"Bouncer";"none";2828;120;0;160;"Big, mean, dead doggy."
411;"Lesser Demon Champion";"none";2829;148;0;162;"Champion of the lesser demons."
412;"Monkey Guard";"Bearded";2830;130;1;167;"A huge brutish gorilla armoured with dangerous looking vambraces."
413;"Flight Kilisa";"none";2831;133;1;159;"Graceful bird-like creature."
414;"Keef";"none";2832;180;0;178;"Head of the city guard."
415;"Fareed";"Normal";2833;130;0;167;"Zamorak's warrior of fire."
416;"Giant Roc";"Normal";2834;250;0;172;"A very, very large mountain-dwelling bird."
417;"Monkey Guard";"Unbearded";2835;130;1;167;"A huge brutish gorilla armoured with dangerous looking vambraces."
418;"Chronozon (hard)";"Hard";2836;120;0;297;"Chronozon the blood demon."
419;"Jal-Ak";"none";2837;40;1;165;"Slow and powerful. It seems to use its attacks wisely."
420;"";"none";2838;225;1;204;"When academics go bad..."
421;"Nezikchened";"none";2839;150;0;187;"An ancient, powerful demon of the underworld."
422;"Dark beast";"none";2840;220;90;182;"From a darker dimension."
423;"Iron dragon";"Normal";2842;165;1;189;"Its scales seem to be made of iron."
424;"Drake";"none";2845;250;84;192;"A dragon-like creature with no wings."
425;"Greater Nechryael";"none";2846;205;80;200;"An evil death demon."
426;"Insatiable Bloodveld";"none";2847;380;50;202;"I wouldn't want to get near that tongue."
427;"Giant scarab (hard)";"Hard";2848;255;1;316;"A huge scarab beast."
428;"Barrelchest (hard)";"Hard";2849;255;0;380;"It's trying to mash you flat! Less examine, more fight!"
429;"Jungle demon (hard)";"Hard";2850;255;0;327;"A Greater Jungle demon. A magical aura emanates from its hide."
430;"Vitreous Jelly";"none";2851;190;52;206;"I don't think you're ready for this jelly."
431;"Kob";"none";2852;200;0;185;"One of the highest ranking trolls."
432;"Deviant spectre";"none";2854;190;60;169;"A very smelly ghost."
433;"";"none";2855;225;1;202;"Someone should get out of the lab once in a while..."
434;"Cave abomination";"none";2861;130;58;206;"An extremely dangerous, emaciated ape like creature with beady red eyes."
435;"Black dragon";"Level 227";2862;190;1;227;"A fierce dragon with black scales!"
436;"Black dragon";"Level 247";2863;250;1;247;"A fierce dragon with black scales!"
437;"The Everlasting (hard)";"Hard";2864;255;0;365;"Can you endure long enough?"
438;"Lava dragon";"none";2865;230;1;252;"It's dripping with molten lava."
439;"Scorpia";"none";2866;200;1;225;"Queen of the Scorpions."
440;"Choke devil";"none";2867;300;65;264;"Hold your breath!"
441;"Brutal green dragon";"none";2868;175;1;227;"It appears to be intelligent and savage."
442;"Jal-ImKot";"none";2869;75;1;240;"Those are some powerful claws."
443;"Giant Mole";"none";2870;200;1;230;"Holy Mole-y!"
444;"Jal-MejJak";"none";2871;80;1;250;"A lava born creature with healing powers."
445;"Dusk";"First form";2872;450;75;248;"The Guardian of Dusk, he's alive!"
446;"Dusk";"Second form";2874;450;75;328;"The Guardian of Dusk, he's alive!&lt;br/>The crack of Dusk. (''upon death'')"
447;"Abhorrent spectre";"none";2875;250;60;253;"I'd smell better after completing 3145 laps of an agility course dressed as a monkey."
448;"Steel dragon";"Normal";2876;210;1;246;"Its scales seem to be made of steel."
449;"Brutal blue dragon";"none";2878;245;1;271;"It appears to be intelligent and savage."
450;"King Black Dragon";"none";2879;240;1;276;"One of the biggest, meanest dragons around."
451;"King kurask";"none";2880;420;70;295;"Head honcho for the Kurask."
452;"Dawn";"none";2881;0;0;228;"{{*"
453;"Insatiable mutated Bloodveld";"none";2882;410;50;278;"I wouldn't want to get near that tongue."
454;"";"Whirlpool";2883;0;87;127;"We'll fight, until world's end."
455;"Nuclear smoke devil";"none";2884;240;93;280;"I don't think he is good for my lungs."
456;"Hespori";"none";2885;300;0;284;"A big angry plant."
457;"Thermonuclear smoke devil";"none";2886;240;93;301;"Woah."
458;"";"Kraken";2887;255;87;291;"We'll fight, until world's end."
459;"Brutal red dragon";"none";2888;285;1;289;"It appears intelligent and savage."
460;"Nechryarch";"none";2889;320;80;300;"The arch demon of death."
461;"The Untouchable (hard)";"Hard";2890;180;0;440;"Can you bring yourself to hurt another?"
462;"Demonic gorilla";"none";2891;380;1;275;"One of Glough's demonic creations."
463;"Dagannoth Prime";"none";2892;255;1;303;"A legendary Dagannoth King, rumoured to fly on the North winds."
464;"Dagannoth Rex";"none";2894;255;1;303;"Firstborn of the legendary Dagannoth Kings."
465;"Dagannoth Supreme";"none";2895;255;1;303;"The Dagannoth King responsible for the death of Bukalla."
466;"Mithril dragon";"none";2896;254;1;304;"Experimenting with mithril gone bad!"
467;"Chaos Elemental";"none";2897;250;1;305;"&lt;!-- DO NOT CHANGE THIS EXAMINE! This is the actual way that it is stylised -->pUre A cHaOs of crEatuRe!"
468;"Skotizo";"none";2898;450;1;321;"A darkly altared demon."
469;"Cerberus";"none";2899;600;91;318;"A three-headed gigantic hound. Guardian of the River of Souls."
470;"Brutal black dragon";"none";2900;315;77;318;"It appears intelligent and savage."
471;"Greater abyssal demon";"none";2901;0;0;342;"A greater denizen of the abyss{{sic"
472;"Kalphite Queen";"Airborne";2902;255;1;333;"I don't think insect repellent will work..."
473;"Repugnant spectre";"none";2903;390;60;335;"I'd smell better after completing 3145 laps of an agility course dressed as a monkey."
474;"Kalphite Queen";"Crawling";2904;255;1;333;"I don't think insect repellent will work..."
475;"The Inadequacy";"Normal";2905;180;0;343;"Are you good enough to fight?"
476;"Ket-Zek";"Spawn point";2907;160;1;360;"Good doggy-lizard-thing..."
477;"Ket-Zek";"Standard";2908;160;1;360;"Good doggy-lizard-thing..."
478;"Nylocas Athanatos";"none";2909;180;0;350;"This strain of nylocas does not die easily."
479;"";"Phase 2";2910;0;0;350;""
480;"";"Phase 1";2911;0;0;350;"{{*"
481;"";"Phase 3 (stage 2)";2912;0;0;350;""
482;"";"Phase 3 (stage 1)";2913;0;0;350;""
483;"Marble gargoyle";"none";2914;270;75;349;"Am I losing my marbles?"
484;"Nylocas Vasilias";"Magic";2827;2500;0;800;"One of Verzik's rather large pets."
485;"Nylocas Vasilias";"Ranged";2819;2500;0;800;"One of Verzik's rather large pets."
486;"Nylocas Vasilias";"Melee";2815;2500;0;800;"One of Verzik's rather large pets."
487;"Rune dragon";"none";2915;330;1;380;"Its scales seem to be made of runite."
488;"Vet'ion";"Normal";2916;255;1;454;"Only the true lord &amp; king of the lands can lift his burden."
489;"Alchemical Hydra";"Four heads";2917;1100;95;426;"A ferocious Alchemical Hydra!"
490;"Night beast";"none";2918;550;90;374;"I don't ever want to visit that darker dimension..."
491;"Kree'arra";"none";2919;255;1;580;"Graceful avatar of Armadyl."
492;"Jal-Zek";"none";2920;220;1;490;"Goodness, gracious, great balls of fire!"
493;"Glough";"none";2921;575;0;378;"A gnome consumed by his own wrath."
494;"Jal-Xil";"none";2922;130;1;370;"Holy projectile."
495;"Callisto";"none";2923;255;1;470;"I wouldn't want to eat his Porridge."
496;"";"none";2924;255;1;464;"That'll get your arachnophobia going..."
497;"Alchemical Hydra";"Five heads";2925;1100;95;426;"A ferocious Alchemical Hydra!"
498;"Vet'ion Reborn";"Reborn";2926;255;1;454;"Only the true lord &amp; king of the lands can lift his burden."
499;"Alchemical Hydra";"Two heads";2927;1100;95;426;"A ferocious Alchemical Hydra!"
500;"Alchemical Hydra";"Three heads";2928;1100;95;426;"A ferocious Alchemical Hydra!"
501;"Commander Zilyana";"none";2930;255;1;596;"Commander of [[Saradomin]]'s forces."
502;"JalTok-Jad";"none";2931;350;1;900;"Large, destructive, enthralling."
503;"";"Tanzanite";2932;500;1;725;"The turquoise hooded serpent of the poison waste."
504;"";"Normal";2933;500;1;725;"The green hooded serpent of the poison waste."
505;"General Graardor";"none";2934;255;1;624;"A huge war chief."
506;"K'ril Tsutsaroth";"none";2935;255;1;650;"A servant of the god Zamorak."
507;"Xarpus";"none";2936;5080;0;960;"King of the Yarasa."
508;"TzTok-Jad";"none";2937;250;1;702;"This is going to hurt ..."
509;"Galvek";"none";2938;0;0;608;"This is what fear looks like.&lt;br>'''When dead:''' This is what death looks like.'''"
510;"Pestilent Bloat";"none";2939;2000;0;870;"An infinite mass of decay and death."
511;"Vorkath";"Dragon Slayer II";2940;460;1;392;"'''Sleeping:''' Let sleeping dragons lie.&lt;br />'''Awake:''' This won't be fun."
512;"Corporeal Beast";"none";2941;2000;0;785;"A vision of supernatural horror."
513;"The Maiden of Sugadinti";"Normal";2942;3500;0;940;"This is the fate of those who cross the vampyres."
514;"Verzik Vitur";"none";2943;2000;0;1040;"There's something very disconcerting about her."
515;"The Maiden of Sugadinti";"70% Health";2944;3500;0;940;"This is the fate of those who cross the vampyres."
516;"The Maiden of Sugadinti";"30% Health";2945;3500;0;940;"This is the fate of those who cross the vampyres."
517;"";"Magma";2946;500;1;725;"The crimson hooded serpent of the poison waste."
518;"The Maiden of Sugadinti";"50% Health";2947;3500;0;940;"This is the fate of those who cross the vampyres."
519;"TzKal-Zuk";"none";2951;1200;1;1400;"An ancient adversary to the TzHaar."
520;"Animated Bronze Armour";"none";2956;10;0;11;"Animated bronze armour."
521;"Cave goblin miner";"none";2957;10;1;11;"* He's working away."
522;"Wolf";"Lv 14";2958;15;1;14;"Not man's best friend."
523;"Mourner";"none";2959;19;0;11;"A mourner, or plague healer."
524;"Shipyard worker";"none";2960;10;0;11;"The boss!"
525;"";"none";2961;10;0;11;"A very smelly frog."
526;"Wolf";"Lv 25";2962;34;1;25;"A social killer."
527;"Dungeon rat";"none";2965;12;1;12;"A dirty rat."
528;"Grave scorpion";"none";2966;7;1;12;"A vicious, little, stinging thing."
529;"Giant frog";"Lv 13";2496;23;0;13;"It didn't get that big eating flies."
530;"Giant frog";"Lv 99";2496;100;0;99;"It didn't get that big eating flies."
531;"Unicorn Foal";"none";2967;15;0;12;"Horned Horsey."
532;"Skeleton";"Level 68";2726;70;1;68;"Could do with gaining a few pounds."
533;"Minotaur";"Lv 27";2968;22;1;27;"He doesn't look very pleased to see you."
534;"Air Wizard";"none";2969;25;0;13;"At least he looks solid enough to fight."
535;"Skeleton";"Level 85";2746;77;1;85;"Could do with gaining a few pounds."
536;"Skeleton";"Level 22";2726;29;1;22;"Could do with gaining a few pounds."
537;"Tree spirit";"Level 120";2698;120;0;120;"A very angry nymph."
538;"River Troll";"Lv 120";2700;120;1;120;"Likes fish… hates people."
539;"River Troll";"Lv 79";2700;85;1;79;"Likes fish… hates people."
540;"River Troll";"Lv 159";2700;170;1;159;"Likes fish… hates people."
541;"Large mosquito";"none";2971;3;0;13;"A flying bloodsucker."
542;"Tree spirit";"Level 159";2698;170;0;159;"A very angry nymph."
543;"Tree spirit";"Level 79";2698;86;0;79;"A very angry nymph."
544;"Earth Wizard";"none";2972;25;0;13;"His hands are covered in mud. At least, I hope that's mud."
545;"Chaos druid";"none";2973;20;0;13;"A crazy, evil druid."
546;"Kebbit";"none";2974;50;0;13;"A little bigger than usual..."
547;"Tree spirit";"Level 49";2698;60;0;49;"A very angry nymph."
548;"Icefiend";"Lv 18";2975;20;1;18;"A small ice demon."
549;"Fire wizard";"none";2976;25;0;13;"Caution: HOT!"
550;"Giant mosquito";"none";2977;3;0;13;"A flying blood sucker."
551;"";"none";2961;10;0;11;"A very smelly frog."
552;"Wolf";"Lv 64";2962;69;1;64;"Not man's best friend."
553;"Wolf";"Lv 11";2958;10;1;11;"Not man's best friend."
554;"Minotaur";"Lv 12";2968;10;1;12;"He doesn't look very pleased to see you."
555;"Icefiend";"Lv 13";2975;15;1;13;"A small ice demon."
556;"Water wizard";"none";2992;25;0;13;"Hydro-power!"
557;"Zombie";"Lv 30";2994;30;1;30;"Dead man walking.&lt;br/>Dead woman walking.&lt;br/>The walking dead."
558;"Zombie";"Lv 70";2987;65;1;70;"Dead man walking.&lt;br/>Dead woman walking.&lt;br/>The walking dead."
559;"Zombie";"Lv 56";2993;50;1;56;"Dead man walking.&lt;br/>Dead woman walking.&lt;br/>The walking dead."
560;"Zombie";"Lv 44";2984;41;1;44;"Dead man walking.&lt;br/>Dead woman walking.&lt;br/>The walking dead."
561;"Zombie";"Lv 25";2995;30;1;25;"Dead man walking.&lt;br/>Dead woman walking.&lt;br/>The walking dead."
562;"Zombie";"Lv 18";2983;24;1;18;"Dead man walking.&lt;br/>Dead woman walking.&lt;br/>The walking dead."
563;"Zombie";"Lv 13";2980;22;1;13;"Dead man walking.&lt;br/>Dead woman walking.&lt;br/>The walking dead."
564;"Zombie";"Lv 76";2981;71;1;76;"Dead man walking.&lt;br/>Dead woman walking.&lt;br/>The walking dead."
565;"Zombie";"Lv 72";2990;68;1;72;"Dead man walking.&lt;br/>Dead woman walking.&lt;br/>The walking dead."
566;"Zombie";"Lv 24";2985;30;1;24;"Dead man walking.&lt;br/>Dead woman walking.&lt;br/>The walking dead."
567;"Scorpion";"Lv 37";2979;37;1;37;"An extremely vicious scorpion."
568;"Scorpion";"Lv 14";2988;17;1;14;"An extremely vicious scorpion."
569;"Imp Champion";"none";2986;40;0;14;"Champion of the imps."
570;"Lucien";"none";2989;17;0;14;"He walks with a slight limp."
571;"Scorpion";"Lv 38";2982;15;1;38;"It's an extremely dangerous looking scorpion."
572;"Scorpion";"Lv 59";2988;55;1;59;"An extremely vicious scorpion."
573;"Sand Crab";"Active";2997;60;0;15;"No one likes crabs..."
574;"Guard";"Falador (crossbow)";2998;22;0;22;"He tries to keep order around here."
575;"Stag";"none";2999;19;0;15;"A noble creature!"
576;"Monk of Zamorak";"Lv 45";3000;40;0;45;"An evil human cleric."
577;"Monk of Zamorak";"Lv 22";3001;20;0;22;"An evil human cleric."
578;"Thief";"Varrock Gang";3002;17;0;16;"Known for his/her light-fingered qualities."
579;"Sandy rocks";"Hidden";3005;60;0;15;"A sandy outcrop."
580;"Poison Scorpion";"none";3006;23;1;20;"It has a very vicious looking tail."
581;"Guard";"Falador (sword)";3007;22;0;21;"He tries to keep order around here."
582;"Fox";"none";3008;30;0;19;"Foxy."
583;"Ghost";"Lv 76";3009;75;1;76;"Eeek! A ghost!"
584;"Witch's experiment (second form) (hard)";"Spider (hard)";3010;93;0;77;"Looks unnatural."
585;"Invrigar the Necromancer";"none";3011;0;0;20;"An evil user of Magic powers{{sic"
586;"Guard";"Falador (longbow)";3012;22;0;22;"He tries to keep order around here."
587;"Locust";"none";3013;27;0;18;"Obnoxious, overgrown insect."
588;"Guard";"Falador (battleaxe)";3014;22;0;19;"He tries to keep order around here."
589;"Bruise Blamish Snail";"Round";3015;12;0;20;"A bruise blue coloured blamish snail, these types are said to spit acid."
590;"Gnome guard";"none";3016;31;0;23;"A tree gnome guard."
591;"Blood Blamish Snail";"Round";3017;13;0;20;"A blood coloured blamish snail, these types are said to spit acid."
592;"Guard";"East Ardougne";3018;22;0;20;"He tries to keep order around here."
593;"Unicorn";"none";3019;19;0;15;"Horse with a horn."
594;"Guard";"Varrock";3020;22;0;21;"He tries to keep order around here. His Bizarre uniform isn't helping."
595;"Witch's experiment (hard)";"Skavid (hard)";3021;63;0;47;"Looks unnatural."
596;"Mosquito swarm";"Lv 20";3022;15;0;20;"A swarm of five highly agile mosquitoes."
597;"Blood Blamish Snail";"Pointed";3023;10;0;20;"A blood coloured blamish snail, these types are said to spit acid."
598;"Newtroost";"none";3024;18;0;19;"Since when did newts have beaks?"
599;"Witch's experiment (third form) (hard)";"Bear (hard)";3025;103;0;90;"Looks unnatural."
600;"Bark Blamish Snail";"none";3026;22;0;15;"A branch bark coloured blamish snail, these types are said to spit acid."
601;"Witch's experiment (fourth form) (hard)";"Wolf (hard)";3027;113;0;103;"Looks unnatural."
602;"Black bear";"none";3028;25;1;19;"Eek! A bear!"
603;"Guard";"Port Sarim";3029;22;0;21;"He tries to keep order around here."
604;"Zamorak crafter";"none";3030;25;0;19;"A Z.M.I. runecrafter."
605;"Bruise Blamish Snail";"Pointed";3031;15;0;20;"A bruise blue coloured blamish snail, these types are said to spit acid."
606;"Town Guard";"Bow";3032;22;0;22;"He tries to keep order around here."
607;"Mosquito swarm";"Lv 17";3033;9;0;17;"A swarm of three highly agile mosquitoes."
608;"Town Guard";"Staff";3035;22;0;19;"He tries to keep order around here."
609;"Crab";"Level 21";3046;18;0;21;"Nice claw!"
610;"Jackal";"none";3047;27;1;21;"He has had his day."
611;"Bandit";"Level 22";2720;27;1;22;"A wilderness outlaw."
612;"Kourend guard";"none";3048;22;0;21;"I wonder if he gets stuck behind fences."
613;"Thief";"The Warrens";3002;22;0;21;"Watch your pockets."
614;"Monk of Zamorak";"Lv 30";3001;25;0;30;"An evil human cleric."
615;"Monk of Zamorak";"Lv 17";3001;10;0;17;"An evil human cleric."
616;"Monk of Zamorak";"Lv 23";3001;16;0;23;"An evil human cleric."
617;"Black unicorn";"none";3049;25;0;22;"Cute but evil."
618;"Grip";"none";3050;25;0;22;"Looks like he's been in the wars."
619;"Crab";"Level 23";3046;19;0;23;"Nice claw!"
620;"Guard Bandit";"none";3052;27;1;22;"Bandit Camp guard."
621;"H.A.M. Guard";"Lv 22";3054;30;0;22;"A guard for the humans against monster group."
622;"H.A.M. Guard";"Lv 18";3054;20;0;18;"A guard for the humans against monster group."
623;"H.A.M. Guard";"Lv 12";3054;15;0;12;"A guard for the humans against monster group."
624;"Shantay Guard";"none";3055;32;0;22;"He patrols the Shantay Pass."
625;"Tz-Kek";"Lv 22";3057;10;1;22;"Looks like living lava..."
626;"Tz-Kek";"Lv 45";3051;20;1;45;"Looks like living lava..."
627;"Tz-Kih";"none";3056;10;1;22;"Some kind of bat..."
628;"Yak";"none";3053;50;0;22;"A hairy, smelly, grazing animal."
629;"Thief";"Monk's Friend";3004;0;0;14;""
630;"Animated Iron Armour";"none";3060;20;0;23;"Animated iron armour."
631;"Banshee";"none";3061;22;15;23;"A tortured screaming soul."
632;"Cave crawler";"none";3062;22;10;23;"A spiky crawling critter."
633;"Cave slime";"none";3063;25;17;23;"A foul-smelling blob of protoplasm."
634;"Goat";"Tan";3064;21;0;23;"They'll eat anything!"
635;"Goat";"Brown";3065;21;0;23;"They'll eat anything!"
636;"Zombie";"Lv 53";2991;0;1;53;"Dead man walking.&lt;br/>Dead woman walking.&lt;br/>The walking dead."
637;"Pirate";"Pirate's Cove";3066;20;0;23;"Yar! Shiver me timbers!"
638;"Pirate";"Brimhaven";3067;20;0;23;"Avast ye scurvy land lubbers!"
639;"Pirate";"Port Sarim";3068;20;0;23;"Yar! Shiver me timbers!"
640;"Pirate";"Asgarnian Ice Dungeon";3069;23;0;26;"This one's had too much to drink!"
641;"Alexis";"none";3070;60;0;24;"She doesn't say much."
642;"Weaponsmaster";"none";3071;20;0;23;"Looks kind of obsessive..."
643;"Boris";"none";3072;60;0;24;"A traveling man. Are those fleas?"
644;"Cave goblin guard";"Level 26";3073;26;1;26;"He protects the miners."
645;"Man";"West Ardougne";2455;0;0;4;"One of Gielinor's many citizens."
646;"Eduard";"none";3074;60;0;24;"This is one feral looking innkeeper."
647;"Georgy";"none";3075;60;0;24;"A simple villager."
648;"Desert Lizard";"none";3076;25;22;24;"A small cold-blooded creature, partial to warmth."
649;"Cave goblin guard";"Level 24";3077;26;1;24;"He protects the miners."
650;"Galina";"none";3078;60;0;24;"She seems light on her feet."
651;"Imre";"none";3079;60;0;24;"A well organised shop keeper."
652;"Joseph";"none";3080;60;0;24;"He keeps calling me comrade."
653;"Irina";"none";3081;60;0;24;"I bet she works out."
654;"Goblin Champion";"none";3082;32;0;24;"Champion of the goblins."
655;"Ksenia";"none";3083;60;0;24;"Not exactly a warrior princess."
656;"Liliya";"none";3084;60;0;24;"She's looking for flowers."
657;"Lev";"none";3085;60;0;24;"A tough looking villager."
658;"Snake";"none";3086;36;0;24;"It's a camouflaged jungle snake"
659;"Warrior woman";"none";3087;20;0;24;"Not very fashion conscious."
660;"Yadviga";"none";3088;60;0;24;"A well off villager."
661;"Milla";"none";3089;60;0;24;"She looks like she can handle herself."
662;"Nikolai";"none";3090;60;0;24;"There's a set of brows that mean business."
663;"Svetlana";"none";3091;60;0;24;"Seems a bit of a drama queen."
664;"Sofiya";"none";3092;60;0;24;"A wise villager."
665;"Vera";"none";3093;60;0;24;"She seems sure of herself."
666;"Nikita";"none";3094;60;0;24;"The woman."
667;"Ghost";"Lv 19";3009;25;1;19;"Eeek! A ghost!"
668;"Ghost";"Lv 24";3009;20;1;24;"Spooky."
669;"Tree spirit";"Level 14";2698;0;0;14;"A very angry nymph."
670;"Ghost";"Lv 77";3009;80;1;77;"Eeek! A ghost!"
671;"Tree spirit";"Level 29";2698;0;0;29;"A very angry nymph."
672;"Yuri";"none";3095;60;0;24;"He's staring at the moon."
673;"Experiment";"Lv 25 (spider)";3096;100;0;25;"One of Fenkenstrain's failed experiments."
674;"Black Guard";"Level 48";3097;40;1;48;"A member of the Black Guard, a special division of the dwarven army."
675;"Zoja";"none";3098;60;0;24;"A healthy villager."
676;"Unicow";"none";3099;24;0;25;"Half unicorn, half cow."
677;"Black Guard";"Level 25";3100;30;1;25;"A member of the Black Guard, a special division of the dwarven army."
678;"Experiment";"Lv 25 (sheep)";3101;100;0;25;"One of Fenkenstrain's failed experiments."
679;"Experiment";"Lv 51";3102;40;0;51;"It has a key hanging from its collar."
680;"Witch's experiment (second form)";"Spider";3010;31;0;30;"Looks unnatural."
681;"Witch's experiment (fourth form)";"Wolf";3027;51;0;53;"Looks unnatural."
682;"Witch's experiment";"Skavid";3021;21;0;19;"Looks unnatural."
683;"Witch's experiment (third form)";"Bear";3025;41;0;42;"Looks unnatural."
684;"Flesh crawler";"Lv 35";3103;25;1;35;"I don't think insect repellent will work…"
685;"Afflicted";"Level 30";3104;24;0;30;"A local villager of Mort'ton."
686;"Penance Fighter";"Wave 8";3105;55;0;68;"What on Gielinor is that?"
687;"Mudskipper";"Lv 31";3106;20;0;31;"Not the most beautiful fish in the sea."
688;"Tower guard";"none";3107;22;0;28;"Tries to keep the peace."
689;"Penance Fighter";"Wave 5";3108;38;0;47;"What on Gielinor is that?"
690;"Giant bat";"none";3109;0;0;27;"{{*"
691;"Head Thief";"none";3110;37;0;26;"The head of the treacherous blanket stealing gang."
692;"Hill Giant";"none";3111;35;1;28;"A very large foe."
693;"Kalphite Worker";"none";3112;40;1;28;"I don't think insect repellent will work..."
694;"Penance Fighter";"Wave 4";3113;37;0;42;"What on Gielinor is that?"
695;"Penance Fighter";"Wave 7/10";3114;50;0;61;"What on Gielinor is that?"
696;"Jungle spider";"none";3115;50;1;44;"A barely visible, deadly jungle spider."
697;"Rockslug";"none";3116;27;20;29;"The slime of evil."
698;"Penance Fighter";"Wave 2";3118;29;0;32;"What on Gielinor is that?"
699;"Jail guard";"none";3119;32;0;26;"I wonder who he's guarding?"
700;"Rock Golem";"Lv 79";3120;0;0;79;"Rock with attitude."
701;"Terrorbird";"none";3121;34;1;28;"A giant raptor."
702;"Penance Fighter";"Wave 6";3122;49;0;56;"What on Gielinor is that?"
703;"Penance Fighter";"Wave 3";3123;32;0;37;"What on Gielinor is that?"
704;"Afflicted";"Level 37";3124;30;0;37;"A local villager of Mort'ton."
705;"Ghast";"none";3125;22;0;30;"Aaargh... a Ghast!"
706;"Penance Fighter";"Wave 1";3126;28;0;30;"What on Gielinor is that?"
707;"";"none";3127;32;1;28;"Tiny, annoying, stinging thing."
708;"Hobgoblin";"Lv 28";3128;0;0;28;"{{*"
709;"Desert Wolf";"none";3130;34;1;27;"A vicious desert wolf."
710;"Soldier";"none";3131;22;0;28;"A soldier of the town of Yanille."
711;"Penance Fighter";"Wave 9";3132;56;0;77;"What on Gielinor is that?"
712;"Hobgoblin";"Lv 47";3133;0;0;47;""
713;"Afflicted";"Level 32";3134;26;0;32;"A local villager of Mort'ton."
714;"Afflicted";"Level 34";3136;28;0;34;"A local villager of Mort'ton."
715;"Penance Ranger";"Wave 7/10";3144;50;0;57;"Shooty-shooty."
716;"Penance Ranger";"Wave 9";3145;58;0;72;"Shooty-shooty."
717;"Penance Ranger";"Wave 5";3146;41;0;43;"Shooty-shooty."
718;"Penance Ranger";"Wave 1";3147;20;0;21;"Shooty-shooty."
719;"Penance Ranger";"Wave 3";3148;32;0;32;"Shooty-shooty."
720;"Penance Ranger";"Wave 6";3149;50;0;51;"Shooty-shooty."
721;"Temple Guardian";"none";3150;45;1;30;"Looks like a big ugly dog."
722;"Penance Ranger";"Wave 8";3151;55;0;64;"Shooty-shooty."
723;"Penance Ranger";"Wave 2";3152;29;0;25;"Shooty-shooty."
724;"Penance Ranger";"Wave 4";3153;34;0;38;"Shooty-shooty."
725;"H.A.M. Archer";"none";3154;35;0;30;"He looks pretty skilled with that bow."
726;"H.A.M. Mage";"none";3155;35;0;30;"He bristles with arcane power."
727;"Mudskipper";"Lv 30";3106;20;0;30;"Not the most beautiful fish in the sea."
728;"Camp dweller";"Level 31 (1)";3156;30;0;31;"One of the inhabitants of the camp."
729;"Camp dweller";"Level 25";3157;25;0;25;"One of the inhabitants of the camp."
730;"Camp dweller";"Level 31 (4)";3158;30;0;31;"One of the inhabitants of the camp."
731;"Camp dweller";"Level 31 (3)";3159;30;0;31;"One of the inhabitants of the camp."
732;"Camp dweller";"Level 31 (2)";3160;30;0;31;"One of the inhabitants of the camp."
733;"Mounted terrorbird gnome";"Lv 31";3161;36;1;31;"These gnomes know how to get around!"
734;"Poison spider";"Lv 64";3163;64;1;64;"I think this spider has been genetically modified."
735;"Poison spider";"Lv 31";3164;64;1;31;"A nasty, poisonous arachnid."
736;"Flesh crawler";"Lv 41";3103;25;1;41;"I don't think insect repellent will work…"
737;"Flesh crawler";"Lv 28";3103;25;1;28;"I don't think insect repellent will work…"
738;"Vulture";"none";3165;10;1;31;"If you see them circling: run."
739;"Giant lobster";"none";3166;32;1;32;"An extremely vicious lobster."
740;"Earth elemental";"Ore";3167;35;0;35;"An earth elemental."
741;"Black Knight";"none";3168;42;0;33;"A dark-hearted knight."
742;"Count Draynor";"Normal";3169;35;0;34;"Stop looking and run for your life!"
743;"Earth elemental";"Normal";3171;35;0;35;"An earth elemental."
744;"Speedy Keith";"none";3172;37;1;34;"Nice hair."
745;"Grizzly bear cub";"Level 33";3173;35;1;33;"Eek! A bear cub!"
746;"King Scorpion";"none";3174;30;1;32;"Wow! Scorpions shouldn't grow that big."
747;"Druid";"none";3175;30;0;33;"Loves nature."
748;"Outlaw";"none";3176;20;0;32;"A mean looking outlaw. Don't get too close!"
749;"Tribesman";"none";3177;0;0;32;"{{*"
750;"Water elemental";"none";3178;30;1;34;"A water elemental."
751;"Deadly red spider";"none";3179;35;1;34;"I think this spider has been genetically modified."
752;"Grizzly bear cub";"Level 36";3180;35;1;36;"Eek! A bear cub!"
753;"Billy Goat";"Brown";3182;28;0;33;"They'll eat anything!"
754;"Black Heather";"none";3183;37;1;34;"""Has a fearsome scowl."""
755;"Donny the Lad";"none";3184;37;1;34;"Has a fearsome posture."
756;"Billy Goat";"Tan";3185;28;0;33;"They'll eat anything!"
757;"Fire elemental";"none";3187;30;0;35;"A fire elemental."
758;"Ravager";"Lv 36";3188;23;0;36;"Worse than termites!"
759;"Ravager";"Lv 106";3189;83;0;106;"Worse than termites!"
760;"Chaos druid warrior";"none";3190;40;0;37;"A crazy evil druid."
761;"Palmer";"none";3191;50;0;37;"Nice beard."
762;"Ithoi the Navigator";"none";3192;55;0;35;"He's so fired."
763;"Cave lizard";"none";3193;20;0;37;"A cave dweller."
764;"Sand Snake";"Normal";3194;60;0;36;"Doesn't look friendly."
765;"Ravager";"Lv 71";3195;53;0;71;"Worse than termites!"
766;"Ravager";"Lv 89";3196;68;0;89;"Worse than termites!"
767;"Spinner";"Lv 88";3197;0;0;88;"Eeewww!"
768;"Renegade knight";"none";3198;48;0;37;"He isn't very friendly."
769;"Ravager";"Lv 53";3199;38;0;53;"Worse than termites!"
770;"Guard";"Black beard";3200;40;0;37;"A Burthorpe Castle guard."
771;"White Knight";"Proselyte";3201;52;0;38;"A White Knight proselyte."
772;"Gadderanks";"none";3202;20;0;35;"A human supporter of the Vampyric overlords."
773;"White Knight";"Partisan";3203;55;0;42;"A White Knight partisan."
774;"White Knight";"Initiate";3204;52;0;36;"Shiny armour!"
775;"White Knight";"Acolyte";3205;52;0;39;"A White Knight acolyte."
776;"Jake";"none";3206;50;0;37;"A deadly pirate."
777;"Cockatrice";"none";3207;37;25;37;"The winged reptile."
778;"Spinner";"Lv 55";3208;53;0;55;"Eeewww!"
779;"Spinner";"Lv 92";3209;101;0;92;"Eeewww!"
780;"Guard";"Grey beard";3210;40;0;37;"A Burthorpe Castle guard."
781;"Spinner";"Lv 36";3212;33;0;36;"Eeewww!"
782;"Spinner";"Lv 74";3213;73;0;74;"Eeewww!"
783;"Wilson";"none";3214;50;0;37;"A pirate."
784;"Colonel Radick";"none";3215;65;0;38;"A military man."
785;"Loar Shade";"none";3216;0;0;40;"{{*"
786;"White wolf";"Level 25";3217;34;1;25;"A vicious mountain wolf."
787;"Skeleton fremennik";"Lv 40";3218;25;1;40;"Could use a good meal."
788;"Soldier (tier 1)";"none";3219;50;0;39;"The lowest rank."
789;"Sir Mordred";"none";3220;38;0;39;"Leader of the Renegade Knights."
790;"Blessed spider";"none";3221;32;1;39;"It's one of Iban's pets."
791;"Shadow spider";"none";3222;55;1;52;"Is it a spider or is it a shadow?"
792;"Skeleton fremennik";"Lv 50";3223;35;1;50;"He seems a little underweight."
793;"Skeleton fremennik";"Lv 60";3224;40;1;60;"He seems a little underweight."
794;"Skeleton Champion";"none";3225;58;0;40;"Champion of the skeletons."
795;"Undead Lumberjack";"Lv 55";3227;0;1;55;"He is one, but he's not alright."
796;"Bandit";"No beard";3236;30;0;56;"Tough-looking."
797;"Abyssal leech";"none";3237;10;0;41;"A blood-drinking denizen of the abyss."
798;"Bandit";"Bearded";3238;30;0;41;"Tough-looking."
799;"Hobgoblin";"Lv 42";3128;0;0;42;""
800;"Dagannoth spawn";"none";3239;35;1;42;"A teeny, tiny horror from the deep."
801;"Fear reaper";"Level 42";3240;25;0;42;"AHHHHH!"
802;"Goblin guard";"none";3241;43;0;42;"'''Asleep:''' Sleeping like an ugly baby. &lt;br /> '''Awake:''' He doesn't look like he'd trust his own mother."
803;"Grizzly bear";"Lv 21";3242;27;1;21;"Eek! A (big) bear!"
804;"Fear reaper";"Level 55";3243;57;0;55;"AHHHH!"
805;"Ghoul";"none";3244;50;1;42;"It's totally savage."
806;"Magic axe";"none";3246;45;1;42;"A magic axe with a mind of its own."
807;"Moss giant";"Lv 48";3247;85;1;48;"His beard seems to have a life of its own."
808;"Spidine";"none";3248;35;0;42;"It's a spider. No, a giant sardine."
809;"Undead Lumberjack";"Lv 64";3227;0;1;64;"He is one, but he's not alright."
810;"Undead Lumberjack";"Lv 30";3227;0;1;30;"He is one, but he's not alright."
811;"Undead Lumberjack";"Lv 60";3227;16;1;60;"He is one, but he's not alright."
812;"Undead Lumberjack";"Lv 35";3227;0;1;35;"He is one, but he's not alright."
813;"Undead Lumberjack";"Lv 45";3227;13;1;45;"He is one, but he's not alright."
814;"Undead Lumberjack";"Lv 40";3227;12;1;40;"He is one, but he's not alright."
815;"Undead Lumberjack";"Lv 50";3227;14;1;50;"He is one, but he's not alright."
816;"Undead Lumberjack";"Lv 70";3227;0;1;70;"He is one, but he's not alright."
817;"Crypt rat";"none";3250;35;1;43;"A nasty little rodent."
818;"Dwarf gang member";"Lv 48";3251;25;1;48;"A short stout menacing fellow."
819;"Guard dog";"none";3252;49;1;44;"He doesn't seem pleased to see me."
820;"Pyrefiend";"Regular";3253;45;30;43;"A small fire demon."
821;"Melzar the Mad";"none";3254;44;0;43;"He looks totally insane!"
822;"Zogre";"none";3257;71;1;44;"A partially decomposing zombie ogre."
823;"Vampyre Juvenile";"Burgh de Rott";3259;60;1;45;"A juvenile vampyre. It looks really hungry!&lt;br/>A juvenile vampyre, held in a powerful spell."
824;"Skogre";"none";3260;0;0;44;"{{*"
825;"Mercenary";"Brown beard";3261;60;0;45;"He looks a bit aggressive."
826;"Vampyre Juvenile";"Meiyerditch";3262;60;1;45;"A juvenile vampyre.&lt;br/>A juvenile vampyre, held in a powerful spell."
827;"Angry giant rat";"Level 45";3263;0;0;45;"He looks a little on the cross side!"
828;"Baby tanglefoot";"Tan";3264;40;0;45;"An animated shrub."
829;"Baby tanglefoot";"Brown";3265;40;0;45;"An animated shrub."
830;"Guardian of Armadyl";"Female";3266;40;0;43;"A guard who has devoted their life to Armadyl."
831;"Angry giant rat";"Level 47";3267;50;0;47;"He looks a little on the cross side!"
832;"Gangster";"Lv 50";3268;50;0;50;"He's up to no good.&lt;br>He's plotting something.&lt;br>He'd never let his personal morality stand in the way of profit."
833;"Mercenary";"Coif";3269;60;0;45;"He looks a bit aggressive."
834;"Mercenary";"Facemask";3270;60;0;45;"He looks a bit aggressive."
835;"Mercenary";"White beard";3271;60;0;45;"He looks a bit aggressive."
836;"Animated Steel Armour";"none";3272;40;0;46;"Animated steel armour."
837;"Guardian of Armadyl";"Male";3273;50;0;45;"A guard who has devoted their life to Armadyl."
838;"Death spawn";"none";3274;60;0;46;"An evil death spawn."
839;"Corrupt Lizardman";"Normal";3276;50;1;46;"Looks like there's something wrong with it."
840;"River Troll";"Lv 49";2700;0;1;49;"Likes fish… hates people."
841;"River Troll";"Lv 14";2700;0;1;14;"Likes fish… hates people."
842;"River Troll";"Lv 29";2700;0;1;29;"Likes fish… hates people."
843;"King Roald";"none";3277;75;0;47;"Varrock's resident monarch. He looks strangely evil!"
844;"Knight of Ardougne";"none";3279;52;0;46;"A member of Ardougne's militia."
845;"Jailer";"none";3280;47;0;47;"Guards prisoners for the black knights."
846;"Swordchick";"none";3281;35;0;46;"Definitely not a chicken or swordfish."
847;"Angry bear";"Level 47";3282;50;0;47;"He looks a little on the cross side!"
848;"Tolna";"none";3283;37;0;46;"Is that really Tolna?"
849;"Baby red dragon";"none";3284;65;0;65;"Young, but still dangerous."
850;"Mercenary Captain";"none";3285;80;0;47;"He looks a bit aggressive."
851;"Angry bear";"Level 40";3286;0;0;40;"He looks a little on the cross side!"
852;"Angry unicorn";"Level 47";3287;50;0;47;"He looks a little on the cross side!"
853;"Angry goblin";"Level 45";3288;0;0;45;"He looks a little on the cross side!"
854;"Borrokar";"none";3291;50;0;48;"One of Rellekka's many citizens."
855;"Possessed pickaxe";"none";3292;40;0;50;"How does it move of its own accord?"
856;"Soldier (tier 2)";"none";3293;50;0;48;"Not a very high rank."
857;"Freidir";"none";3294;50;0;48;"One of Rellekka's many citizens."
858;"Khazard commander";"none";3295;22;0;48;"It is one of General Khazard's commanders."
859;"Chaos dwarf";"none";3296;61;1;48;"A dwarf gone bad."
860;"Lensa";"none";3297;50;0;48;"One of Rellekka's many citizens."
861;"Catablepon";"Level 68";3298;50;1;68;"Big… Cow-like... But cows don't have serpent tails!"
862;"Fever spider";"none";3299;40;42;49;"A bunch of legs, eyes and teeth."
863;"Warrior";"none";3300;50;0;48;"A hardened Fremennik warrior."
864;"Shadow warrior";"none";3301;67;1;48;"A fighter from the supernatural world. He's a shadow of his former self."
865;"Freygerd";"none";3302;50;0;48;"One of Rellekka's many citizens."
866;"Lanzig";"none";3304;50;0;48;"One of Rellekka's many citizens."
867;"Sulphur Lizard";"none";3305;50;44;50;"A cold-blooded creature, partial to warmth."
868;"Sigmund";"none";3306;60;0;50;"Former advisor to the Duke of Lumbridge."
869;"Jennella";"none";3307;50;0;48;"One of Rellekka's many citizens."
870;"Earth warrior";"none";3309;54;1;51;"A strange, inhuman, elemental warrior."
871;"Icelord";"none";3310;60;1;51;"Sturdy cold being."
872;"Molanisk";"none";3311;52;39;51;"A strange mole-like being.&lt;br/>'''When on the wall''': That white dot looks like an eye!"
873;"Zombies Champion";"none";3312;60;0;51;"Champion of the zombies."
874;"Albino bat";"none";3313;33;1;52;"It's all white by me."
875;"Leech";"none";3314;45;0;52;"Yuck! It's all slimy!"
876;"Bloodworm";"none";3315;45;0;52;"Think I should keep my distance..."
877;"Revenant pyrefiend";"none";3316;48;1;52;"The ghost of a pyrefiend slain long ago."
878;"Jogre";"GWD";3317;70;0;58;"Green and aggressive."
879;"Ogre";"Lv 58";3318;70;1;58;"Ugly and bad-tempered."
880;"Lizardman";"Level 53";3319;60;1;53;"'''Normal:''' From a race created during the darker days of Kourend.&lt;br/>'''Battlefront:''' Scaly."
881;"Cyclops";"Level 76";2602;0;0;76;"A one-eyed woman eater."
882;"Cyclops";"Level 106";2602;0;0;106;"{{*"
883;"Jogre";"Normal";3320;60;0;53;"An aggressive humanoid."
884;"Battle mage";"Zamorak";3321;120;0;54;"Kills in the name of Zamorak."
885;"Battle mage";"Guthix";3322;120;0;54;"Kills in the name of Guthix."
886;"Battle mage";"Saradomin";3323;120;0;54;"Kills in the name of Saradomin."
887;"Ogre";"Lv 63";3324;60;1;63;"Big, ugly, and smelly."
888;"Lizardman";"Level 62";3325;60;1;62;"'''Normal:''' From a race created during the darker days of Kourend.&lt;br/>'''Battlefront:''' Scaly."
889;"Vampyre Juvinate";"Lv 54";3326;65;0;54;"A juvinate vampyre. It looks really hungry!&lt;br/>A juvinate vampyre, held in a powerful spell."
890;"Vampyre Juvinate";"Lv 90";3328;100;0;90;"A juvinate vampyre. It looks really hungry!&lt;br/>A juvinate vampyre, held in a powerful spell."
891;"Blood spawn";"none";3329;120;0;55;"The power of blood."
892;"Vampyre Juvinate";"Lv 54 (Meiyerditch)";3330;85;0;54;"An initiate juvenile vampyre."
893;"Bandit";"Level 74";3335;65;0;74;"A tough-looking criminal."
894;"Menaphite Thug";"none";3336;60;0;55;"Menaphite thug."
895;"Zombified Spawn";"Post-quest";3337;38;0;64;"Nasty looking thing."
896;"Crypt spider";"none";3338;45;1;56;"Incey wincey."
897;"Killerwatt";"Idle";3339;51;37;55;"A ball of electrical energy."
898;"Giant Champion";"none";3340;70;0;56;"Champion of the giants."
899;"Hobgoblin Champion";"none";3343;58;0;56;"Champion of the hobgoblins."
900;"Killerwatt";"Attacking";3344;51;37;55;"An angry electrical shock!"
901;"Bedabin Nomad Fighter";"none";3346;50;0;56;"A bedabin nomad fighter - a sandy swordsman."
902;"Sorebones";"none";3347;52;1;57;"*I hope his hands don't shake."
903;"Zombie pirate";"none";3348;52;1;57;"An undead sea scoundrel."
904;"Soldier (tier 3)";"none";3349;55;0;58;"Ascending the ranks."
905;"Phrin Shade";"none";3350;0;0;60;"{{*"
906;"Abyssal guardian";"none";3351;55;0;59;"It seems to have eyes in the back of its head..."
907;"Mogre";"none";3352;48;32;60;"An angry Ogre in a funny hat."
908;"";"none";3353;15;0;60;"A juvenile spawn."
909;"Broodoo victim";"Green";3354;100;0;60;"An undead victim of some ancient murderous ritual; his skin appears deep green."
910;"Broodoo victim";"White";3355;100;0;60;"An undead victim of some ancient murderous ritual; his skin is pale and drawn."
911;"Tortured soul";"none";3356;51;1;59;"This poor soul cannot understand why it has not passed to the next world."
912;"Broodoo victim";"Yellow";3357;100;0;60;"An undead victim of some ancient murderous ritual; his skin appears pale yellow."
913;"Revenant hobgoblin";"none";3358;72;1;60;"The ghost of a hobgoblin slain long ago."
914;"Basilisk";"none";3359;75;40;61;"The eyes of evil."
915;"Undead one";"Lv 68 (Skeletal)";3360;47;1;68;"A minion of Rashiliyia."
916;"Ice spider";"none";3361;65;1;61;"I think this spider has been genetically modified."
917;"Undead one";"Lv 61";3362;47;1;61;"A minion of Rashiliyia."
918;"Undead one";"Lv 68 (Zombie)";3363;47;1;68;"The animated dead, one of Rashiliyia's minions."
919;"Undead one";"Lv 73";3364;59;1;73;"The animated dead, one of Rashiliyia's minions."
920;"Feral Vampyre";"Lv 100";3365;135;1;100;"A feral vampyre. It looks really hungry!"
921;"Feral Vampyre";"Lv 64";3366;80;1;64;"A feral vampyre. It looks really hungry!"
922;"Feral Vampyre";"Lv 61";3367;40;1;61;"A feral vampyre. It looks really hungry!"
923;"Feral Vampyre";"Lv 72";3368;50;1;72;"A feral vampyre. It looks really hungry!"
924;"Feral Vampyre";"Lv 77";3369;60;1;77;"A feral vampyre. It looks really hungry!"
925;"Paladin";"none";3370;66;0;62;"A holy warrior."
926;"Sir Harry";"none";3371;57;0;62;"A mighty looking warrior."
927;"Ogre";"Lv 53";3324;60;1;53;"A large dim looking humanoid."
928;"Catablepon";"Level 49";3298;40;1;49;"Big… Cow-like... But cows don't have serpent tails!"
929;"Catablepon";"Level 64";3298;70;1;64;"Big… Cow-like... But cows don't have serpent tails!"
930;"Double agent";"Lv 65";2597;80;0;65;"He's playing both sides!"
931;"Double agent";"Lv 108";2597;120;0;108;"He's playing both sides!"
932;"Sir Carl";"none";3374;57;0;62;"A mighty looking warrior."
933;"Sir Jerro";"none";3375;57;0;62;"A mighty looking warrior."
934;"Confusion beast";"Level 63";3376;64;0;64;"What on Gielinor is that?!?"
935;"Otherworldly being";"none";3377;66;1;64;"Is he invisible or just a set of floating clothing?"
936;"Nail beast";"Lv 98";2781;65;0;98;"A huge nail beast. Its nails are very sharp."
937;"Nail beast";"Lv 69";2781;55;0;69;"A huge nail beast. Its nails are very sharp."
938;"Wild dog";"none";3378;62;1;63;"* An unsuitable pet."
939;"Jungle Wolf";"none";3379;69;1;64;"A rare jungle wolf - specific to the Kharazi jungle."
940;"Crocodile";"none";3380;62;1;63;"Never smile at a..."
941;"Zamorak wizard";"none";3382;73;0;65;"A servant of Zamorak."
942;"Animated Black Armour";"none";3383;60;0;69;"Animated black armour."
943;"Black Guard Bersrker";"Blue";3384;50;1;66;"An elite member of the Black Guard."
944;"Brine rat";"none";3385;50;47;70;"Eww, a bald rat!"
945;"Black Guard Bersrker";"Green";3386;50;1;66;"An elite member of the Black Guard."
946;"Screaming banshee";"none";3387;61;15;70;"Scream if you want to go faster."
947;"Jungle horror";"none";3388;45;1;70;"A horrible emaciated ape like creature with beady red/blue/yellow/pink/green eyes."
948;"Salarin the twisted";"none";3389;70;0;70;"Twisted by name, twisted by nature."
949;"Hero";"none";3390;82;0;69;"Heroic!"
950;"Ice giant";"Lv 67";3391;100;1;67;"He's got icicles in his beard."
951;"Thrower Troll";"Death Plateau";3392;95;1;67;"Small for a troll, but it's mean, ugly, and throws rocks."
952;"Soldier (tier 4)";"none";3393;65;0;70;"Highly ranked."
953;"Nazastarool";"Skeleton";3394;70;0;68;"A giant skeleton of huge strength and devastating power."
954;"Mutant tarn";"none";3395;80;40;69;"I preferred him when he was human."
955;"Nazastarool";"Zombie";3396;70;0;91;"A giant zombie of huge strength and devastating power."
956;"Bandit champion";"none";3397;50;0;70;"A very tough-looking bandit."
957;"Gorad";"none";3398;80;1;68;"Big, dumb and ugly."
958;"Nazastarool";"Ghost";3399;80;0;93;"A giant ghost of huge strength and devastating power."
959;"Mountain troll";"Level 71";3400;90;1;71;"Small for a troll, but mean and ugly."
960;"Dagannoth fledgeling";"none";3401;100;1;70;"A knee-high horror from the ocean depths."
961;"Infernal Mage";"none";3402;60;45;66;"An evil magic user."
962;"Chasm Crawler";"none";3403;64;10;68;"A dangerous looking beast."
963;"Black Guard Bersrker";"Red";3404;50;1;66;"An elite member of the Black Guard."
964;"Mountain troll";"Level 69";3400;90;1;69;"Small for a troll, but mean and ugly."
965;"Troll spectator";"none";3400;90;1;71;"He's watching the arena."
966;"Berry";"Awake";3411;90;1;71;"He's guarding the cells."
967;"Feral Vampyre";"Lv 70";3365;75;1;70;"A feral vampyre. It looks really hungry!"
968;"Feral Vampyre";"Lv 130";3365;185;1;130;"A feral vampyre. It looks really hungry!"
969;"Berry";"Sleeping";3412;90;1;71;"He's guarding the cells."
970;"Vampyre Juvinate";"Lv 75";3326;110;0;75;"An initiate juvenile vampyre."
971;"Vampyre Juvinate";"Lv 119";3328;150;0;119;"A juvinate vampyre. It looks really hungry!&lt;br/>A juvinate vampyre, held in a powerful spell."
972;"Vampyre Juvinate";"Lv 59";3328;50;0;59;"A juvinate vampyre. It looks really hungry!&lt;br/>A juvinate vampyre, held in a powerful spell."
973;"Tough Guy";"none";3336;75;0;75;"Tough looking Menaphite."
974;"Vampyre Juvinate";"Lv 50";3326;60;0;50;"An initiate juvenile vampyre."
975;"Bandit";"Level 57";3335;50;0;57;"A tough-looking criminal."
976;"Twig";"Awake";3413;90;0;71;"He's guarding the cells."
977;"Twig";"Sleeping";3414;90;0;71;"He's guarding the cells."
978;"Shadow";"none";3415;15;0;73;"A shadow."
979;"Culinaromancer (hard)";"Hard";3416;255;0;209;"A demented evil wizard who specialises in food spells."
980;"Dark energy core";"none";3417;25;0;75;"A small being of dark energy."
981;"Bloodveld";"God Wars";3418;134;50;81;"The tongue of evil."
982;"Dagannoth";"Lv 74";3419;70;0;74;"A horror from the ocean depths..."
983;"Ankou";"Level 86";3420;70;1;86;"A boney ghost."
984;"Lizardman brute";"Battlefront";3421;60;1;73;"A larger and far more brutal lizardman that wields a vicious dark blade."
985;"Ice troll runt";"none";3422;60;1;74;"An ice troll youngling."
986;"Lizardman brute";"Standard";3423;60;1;73;"From a race created during the darker days of Kourend."
987;"TzHaar-Hur";"none";3424;80;1;74;"Looks like a craftsman of some kind."
988;"Bloodveld";"Standard";3425;120;50;76;"The tongue of evil."
989;"Giant skeleton";"none";2747;70;1;80;"A giant skeleton."
990;"";"Female";3432;80;0;83;"She directs various nefarious activities around Kourend."
991;"Me";"Normal";3433;45;0;79;"It's like looking into the mirror."
992;"";"Male";3434;80;0;76;"He directs various nefarious activities around Kourend."
993;"Giant crypt rat";"none";3435;70;1;76;"A nasty overgrown rodent."
994;"Green dragon";"Level 88";3436;100;1;88;"Must be related to Elvarg."
995;"Giant crypt spider";"none";3437;80;1;79;"Not very incey wincey."
996;"Green dragon";"Level 79";3438;75;1;79;"Must be related to Elvarg."
997;"";"none";3440;0;0;78;"{{*"
998;"Tortoise";"No riders";3441;100;0;79;"A large tortoise."
999;"Tortoise";"With riders";3442;120;0;92;"Massive beast of War with extra Gnome."
1000;"";"none";3443;130;1;80;"A woolly, elephantine monster."
1001;"Riyl Shade";"none";3444;0;0;80;"{{*"
1002;"Cave horror";"none";3445;55;58;80;"A horrible, emaciated ape like creature with beady red eyes."
1003;"Abyssal walker";"none";3446;95;0;81;"Apparently walks the abyss."
1004;"Ankou";"Level 98";3420;100;1;98;"A boney ghost."
1005;"Ankou";"Level 75";3420;60;1;75;"A boney ghost."
1006;"Ankou";"Level 95";3420;60;1;95;"A boney ghost."
1007;"Ankou";"Level 82";3420;65;1;82;"A boney ghost."
1008;"Huge spider";"none";3447;90;0;81;"No spider could grow that big! It's unrealistic!"
1009;"Ice troll male";"none";3422;80;1;82;"A male troll wielding a large club."
1010;"Ogre chieftain";"none";3448;60;1;81;"Tough-looking."
1011;"Ice troll female";"none";3449;80;1;82;"An ice troll with a bag of rocks."
1012;"Zamorak ranger";"Level 81";3450;50;0;81;"A ranger of Zamorak."
1013;"Zamorak ranger";"Level 82";3451;50;0;82;"A ranger of Zamorak."
1014;"Lesser demon";"Lv 82";3452;81;1;82;"Lesser, but still pretty big."
1015;"Lesser demon";"Lv 94 (Wilderness)";3453;110;1;94;"Lesser, but still pretty big."
1016;"Lesser demon";"Lv 87";3454;87;1;87;"Lesser, but still pretty big."
1017;"Lesser demon";"Lv 94";3455;98;1;94;"Lesser, but still pretty big."
1018;"City guard";"none";3456;80;1;83;"He tries to keep the peace."
1019;"Zamorak mage";"Level 82";3457;50;0;82;"A Mage of Zamorak."
1020;"Death wing";"none";3458;80;1;83;"A shadowy, barely visible flying entity from some evil place."
1021;"Fire giant";"Level 86";2596;111;1;86;"A very large elemental adversary."
1022;"Fire giant";"Level 104";2596;130;1;104;"A very large elemental adversary."
1023;"Revenant cyclops";"none";3459;110;1;82;"The ghost of a cyclops slain long ago."
1024;"Elvarg (hard)";"Hard";3460;240;1;214;"Roar! A dragon!"
1025;"Zamorak mage";"Level 84";3461;50;0;84;"A Mage of Zamorak."
1026;"Baby dragon";"none";3462;80;1;83;"Young but still dangerous."
1027;"Enclave guard";"none";3464;80;1;83;"Big and ugly looking."
1028;"Dagannoth";"Lv 90";3419;95;1;90;"A darkened horror from the ocean depths..."
1029;"Dagannoth";"Lv 88";3419;85;1;88;"A spiny horror from the ocean depths..."
1030;"Turoth";"Lv 87";3465;79;55;87;"She's one leg short!"
1031;"Zamorak warrior";"Level 84";3467;50;0;84;"A warrior of Zamorak."
1032;"Moss giant";"Normal";3468;120;0;84;"Bigger than your average moss giant."
1033;"Fire Warrior of Lesarkus";"none";3469;59;0;84;"Intimidating!"
1034;"Turoth";"Lv 85";3470;77;55;85;"It's one leg short!"
1035;"Ghoul Champion";"none";3471;100;0;85;"Champion of the Ghouls."
1036;"Zamorak warrior";"Level 85";3472;50;0;85;"A warrior of Zamorak."
1037;"Turoth";"Lv 89";3473;81;55;89;"He's one big leg short!"
1038;"Kourend head guard";"none";3474;86;0;84;"The other guards won't be messing around with this guy about."
1039;"Turoth";"Lv 83";3476;76;55;83;"It's one small leg short!"
1040;"Reanimated demon spawn";"none";3477;85;1;87;"Guard your ankles."
1041;"Giant rockslug";"none";3478;77;20;86;"The slime of greater evil."
1042;"Monkey Archer";"none";3479;50;1;86;"A bow-wielding ninja monkey."
1043;"Jubster";"none";3480;60;0;87;"A jubbly bird with claws."
1044;"Werewolf";"Level 93";3481;92;1;93;"Various"
1045;"Werewolf";"Level 88";3482;100;1;88;"Various"
1046;"Twisted Banshee";"none";3483;109;15;89;"A tortured screaming soul."
1047;"";"Magic";3484;1;0;90;"Spawn of Zulrah."
1048;"Kalrag";"none";3485;78;0;89;"A giant spider."
1049;"Revenant hellhound";"none";3486;80;1;90;"The ghost of a hellhound slain long ago."
1050;"Nazastarool (hard)";"Skeleton (hard)";3394;180;0;153;"A giant skeleton of huge strength and devastating power."
1051;"Nazastarool (hard)";"Ghost (hard)";3399;176;0;181;"A giant ghost of huge strength and devastating power."
1052;"Doomion";"none";3488;87;0;91;"One of the guardians of Iban."
1053;"Nazastarool (hard)";"Zombie (hard)";3396;154;0;176;"A giant zombie of huge strength and devastating power."
1054;"Holthion";"none";3489;87;0;91;"One of the guardians of Iban."
1055;"Kraka";"none";3490;120;1;91;"A nasty looking troll."
1056;"Dagannoth";"Lv 92";3419;120;0;92;"A horror from the ocean depths..."
1057;"Dust devil";"Lv 110";2641;130;65;110;"The vacuumed face of evil."
1058;"Possessed Priest";"none";3491;90;0;91;"He has a dangerous glint in his eye."
1059;"Pee Hat";"none";3492;120;1;91;"A nasty looking troll."
1060;"Troll";"none";3493;120;0;91;"Young, but still dangerous."
1061;"Animated Mithril Armour";"none";3494;80;0;92;"Animated mithril armour."
1062;"Ranalph Devere";"none";3495;130;0;92;"The spirit of a long-dead warrior."
1063;"Slagilith";"Normal";3496;60;0;92;"This monster totally rocks!"
1064;"Scarab mage";"Lv 66";3498;50;1;66;"Part scarab, part man."
1065;"Ice wolf";"Lv 132";2755;70;1;132;"Not a man's best friend."
1066;"Mouse";"Light";3500;70;0;95;"A huge mouse. It looks hungry..."
1067;"";"none";3501;80;0;95;"Very mysterious looking..."
1068;"Treus Dayth (hard)";"Hard";3502;240;0;194;"Eek! A big ghost!"
1069;"Locust rider";"Ranger (Quest)";2601;0;1;68;"A mounted archer."
1070;"Locust rider";"Ranger";2601;90;1;98;"A mounted archer."
1071;"Locust rider";"Lancer (Quest)";2605;0;1;68;"A mounted scarab."
1072;"Locust rider";"Lancer";2605;90;1;106;"A mounted scarab."
1073;"Mouse";"Dark";3503;70;0;95;"A huge mouse. It looks hungry..."
1074;"Aberrant spectre";"none";3504;90;60;96;"A very smelly ghost."
1075;"Bardur";"none";3505;99;0;94;"A fremennik warrior, hard at work."
1076;"Terror dog";"Lv 110";2633;87;40;110;"A terrifying dog beast."
1077;"Armadylian guard";"none";3507;132;1;97;"A servant of Armadyl."
1078;"Flaming pyrelord";"none";3508;126;30;97;"A large demonic being of fire."
1079;"Asyn Shade";"none";3511;0;0;100;"{{*"
1080;"Agrith-Naar (hard)";"Hard";3512;209;0;196;"A summoned demon."
1081;"Ahrim the Blighted";"none";3513;100;1;98;"A vengeful spirit corrupted by dark magic."
1082;"Revenant demon";"none";3514;80;1;98;"The ghost of a demon slain long ago."
1083;"Wyrm";"Attacking";3515;130;62;99;"Don't let it wyrm its way in."
1084;"Scarab swarm";"none";3516;25;1;98;"I think they're some kind of beetle..."
1085;"Soldier (tier 5)";"none";3517;90;0;99;"The elite."
1086;"Wallasalki";"none";3518;120;0;98;"A fearsome magical creature from the deep."
1087;"Dagannoth mother";"Normal";3519;120;0;100;"A horror from the ocean depths."
1088;"Karil the Tainted";"none";3520;100;1;98;"A vengeful spirit corrupted by dark magic."
1089;"Wyrm";"Idle";3522;130;62;99;"Don't let it wyrm its way in."
1090;"Irvig Senay";"none";3523;125;0;100;"The spirit of a long-dead warrior."
